x,y,value,hour
121.3534677,31.13477518,10558.00003,8
121.3610301,31.13477518,11597.60056,8
121.3685925,31.13477518,11150.19976,8
121.3761548,31.13477518,10579.81164,8
121.3837172,31.13477518,8742.709006,8
121.3912796,31.13477518,14694.01868,8
121.398842,31.13477518,24117.10646,8
121.4064043,31.13477518,25230.10365,8
121.4139667,31.13477518,23456.97066,8
121.4215291,31.13477518,18655.36304,8
121.4290915,31.13477518,15169.35404,8
121.4366538,31.13477518,12716.66753,8
121.4442162,31.13477518,10157.26439,8
121.4517786,31.13477518,7352.999896,8
121.4593409,31.13477518,4107.997099,8
121.4669033,31.13477518,3291.392103,8
121.4744657,31.13477518,5249.971947,8
121.4820281,31.13477518,6229.538174,8
121.4895904,31.13477518,7142.750527,8
121.4971528,31.13477518,7018.294231,8
121.5047152,31.13477518,5672.380304,8
121.5122776,31.13477518,7327.59864,8
121.5198399,31.13477518,7590.812466,8
121.5274023,31.13477518,4753.932891,8
121.5349647,31.13477518,4481.871395,8
121.5425271,31.13477518,5189.46546,8
121.5500894,31.13477518,6697.999912,8
121.5576518,31.13477518,3909.075196,8
121.5652142,31.13477518,2528.965507,8
121.5727765,31.13477518,2253.429965,8
121.5803389,31.13477518,1704.211745,8
121.5879013,31.13477518,1758.791731,8
121.5954637,31.13477518,2452.591488,8
121.603026,31.13477518,2658.626674,8
121.6105884,31.13477518,9599.62691,8
121.6181508,31.13477518,12779.62728,8
121.6257132,31.13477518,5066.290414,8
121.6332755,31.13477518,1542.560229,8
121.6408379,31.13477518,842.1336237,8
121.6484003,31.13477518,2147,8
121.3534677,31.14100343,15084.7678,8
121.3610301,31.14100343,11498.2064,8
121.3685925,31.14100343,10101.66713,8
121.3761548,31.14100343,10249.0858,8
121.3837172,31.14100343,10400.4081,8
121.3912796,31.14100343,14076.16165,8
121.398842,31.14100343,22522.81235,8
121.4064043,31.14100343,36274.28248,8
121.4139667,31.14100343,28334.97757,8
121.4215291,31.14100343,18946.99108,8
121.4290915,31.14100343,17840.65084,8
121.4366538,31.14100343,14776.03979,8
121.4442162,31.14100343,11988.47075,8
121.4517786,31.14100343,9797.474195,8
121.4593409,31.14100343,4811.439229,8
121.4669033,31.14100343,3018.644379,8
121.4744657,31.14100343,4705.32802,8
121.4820281,31.14100343,7507.186441,8
121.4895904,31.14100343,9579.085141,8
121.4971528,31.14100343,10337.28025,8
121.5047152,31.14100343,10204.97564,8
121.5122776,31.14100343,10315.19234,8
121.5198399,31.14100343,9541.375603,8
121.5274023,31.14100343,6090.892557,8
121.5349647,31.14100343,4319.412899,8
121.5425271,31.14100343,4056.805982,8
121.5500894,31.14100343,4933.276244,8
121.5576518,31.14100343,3650.214588,8
121.5652142,31.14100343,2585.081407,8
121.5727765,31.14100343,2025.188276,8
121.5803389,31.14100343,1342.015748,8
121.5879013,31.14100343,1356.293175,8
121.5954637,31.14100343,2047.467337,8
121.603026,31.14100343,4534.234102,8
121.6105884,31.14100343,8951.790932,8
121.6181508,31.14100343,10064.94361,8
121.6257132,31.14100343,4545.443719,8
121.6332755,31.14100343,1880.478435,8
121.6408379,31.14100343,1623.069422,8
121.6484003,31.14100343,1623.421995,8
121.3534677,31.14723167,16885.62311,8
121.3610301,31.14723167,13148.13391,8
121.3685925,31.14723167,11605.35373,8
121.3761548,31.14723167,12017.47931,8
121.3837172,31.14723167,12130.79338,8
121.3912796,31.14723167,13218.63463,8
121.398842,31.14723167,18151.25098,8
121.4064043,31.14723167,30231.12455,8
121.4139667,31.14723167,25368.62672,8
121.4215291,31.14723167,18893.73942,8
121.4290915,31.14723167,18693.88345,8
121.4366538,31.14723167,14579.66424,8
121.4442162,31.14723167,11008.15807,8
121.4517786,31.14723167,9079.753822,8
121.4593409,31.14723167,4206.275739,8
121.4669033,31.14723167,2128.73105,8
121.4744657,31.14723167,3903.182858,8
121.4820281,31.14723167,8164.51413,8
121.4895904,31.14723167,11928.22405,8
121.4971528,31.14723167,13783.01577,8
121.5047152,31.14723167,13377.98924,8
121.5122776,31.14723167,12069.52499,8
121.5198399,31.14723167,10890.20778,8
121.5274023,31.14723167,8770.136823,8
121.5349647,31.14723167,5307.574215,8
121.5425271,31.14723167,3202.67829,8
121.5500894,31.14723167,3446.732985,8
121.5576518,31.14723167,3555.344802,8
121.5652142,31.14723167,3140.368168,8
121.5727765,31.14723167,2345.941583,8
121.5803389,31.14723167,1846.39332,8
121.5879013,31.14723167,1649.656218,8
121.5954637,31.14723167,2137.24695,8
121.603026,31.14723167,4168.405199,8
121.6105884,31.14723167,5915.977347,8
121.6181508,31.14723167,5666.671961,8
121.6257132,31.14723167,2724.334036,8
121.6332755,31.14723167,1339.36905,8
121.6408379,31.14723167,1225.382022,8
121.6484003,31.14723167,906.2989464,8
121.3534677,31.15345992,16438.13509,8
121.3610301,31.15345992,15333.21224,8
121.3685925,31.15345992,14758.84364,8
121.3761548,31.15345992,14934.40877,8
121.3837172,31.15345992,13824.55772,8
121.3912796,31.15345992,14571.23658,8
121.398842,31.15345992,14838.36981,8
121.4064043,31.15345992,14966.40297,8
121.4139667,31.15345992,18298.88255,8
121.4215291,31.15345992,19275.96795,8
121.4290915,31.15345992,19201.84485,8
121.4366538,31.15345992,13270.49314,8
121.4442162,31.15345992,8501.304509,8
121.4517786,31.15345992,6707.575912,8
121.4593409,31.15345992,2671.482941,8
121.4669033,31.15345992,1121.04168,8
121.4744657,31.15345992,2978.667101,8
121.4820281,31.15345992,8228.946677,8
121.4895904,31.15345992,13364.45346,8
121.4971528,31.15345992,16242.49345,8
121.5047152,31.15345992,14014.96176,8
121.5122776,31.15345992,11794.7152,8
121.5198399,31.15345992,11227.29396,8
121.5274023,31.15345992,12369.63624,8
121.5349647,31.15345992,6641.345696,8
121.5425271,31.15345992,3012.780718,8
121.5500894,31.15345992,2340.907704,8
121.5576518,31.15345992,4491.033277,8
121.5652142,31.15345992,4693.099625,8
121.5727765,31.15345992,3222.449159,8
121.5803389,31.15345992,3002.800657,8
121.5879013,31.15345992,2219.897089,8
121.5954637,31.15345992,2164.946986,8
121.603026,31.15345992,2500.724968,8
121.6105884,31.15345992,2466.156379,8
121.6181508,31.15345992,1664.38249,8
121.6257132,31.15345992,1198.023155,8
121.6332755,31.15345992,755.2394732,8
121.6408379,31.15345992,680.2475872,8
121.6484003,31.15345992,239.8581953,8
121.3534677,31.15968817,13554.35564,8
121.3610301,31.15968817,15359.43486,8
121.3685925,31.15968817,15918.22513,8
121.3761548,31.15968817,15470.80073,8
121.3837172,31.15968817,14797.58048,8
121.3912796,31.15968817,19822.01128,8
121.398842,31.15968817,24233.60029,8
121.4064043,31.15968817,17001.42626,8
121.4139667,31.15968817,17833.69616,8
121.4215291,31.15968817,21559.7662,8
121.4290915,31.15968817,20822.03287,8
121.4366538,31.15968817,15723.79306,8
121.4442162,31.15968817,9990.386741,8
121.4517786,31.15968817,7137.447712,8
121.4593409,31.15968817,2526.030998,8
121.4669033,31.15968817,1543.471546,8
121.4744657,31.15968817,4444.832992,8
121.4820281,31.15968817,8278.111014,8
121.4895904,31.15968817,14175.994,8
121.4971528,31.15968817,16441.47688,8
121.5047152,31.15968817,11147.82252,8
121.5122776,31.15968817,10849.87149,8
121.5198399,31.15968817,12165.77211,8
121.5274023,31.15968817,11220.42356,8
121.5349647,31.15968817,6425.062452,8
121.5425271,31.15968817,2991.127081,8
121.5500894,31.15968817,3623.399835,8
121.5576518,31.15968817,6144.80612,8
121.5652142,31.15968817,6523.667376,8
121.5727765,31.15968817,4996.81679,8
121.5803389,31.15968817,2780.003729,8
121.5879013,31.15968817,1527.259215,8
121.5954637,31.15968817,724.6628517,8
121.603026,31.15968817,949.8136734,8
121.6105884,31.15968817,852.8838831,8
121.6181508,31.15968817,708.8808858,8
121.6257132,31.15968817,939.4101528,8
121.6332755,31.15968817,949.5264588,8
121.6408379,31.15968817,1036.654716,8
121.6484003,31.15968817,769.4424733,8
121.3534677,31.16591641,12653.77892,8
121.3610301,31.16591641,14063.63595,8
121.3685925,31.16591641,15299.31118,8
121.3761548,31.16591641,16455.68223,8
121.3837172,31.16591641,17994.47715,8
121.3912796,31.16591641,23461.04325,8
121.398842,31.16591641,25931.04754,8
121.4064043,31.16591641,17374.71375,8
121.4139667,31.16591641,18312.58889,8
121.4215291,31.16591641,24586.67484,8
121.4290915,31.16591641,28839.49072,8
121.4366538,31.16591641,22679.35135,8
121.4442162,31.16591641,14664.48166,8
121.4517786,31.16591641,8570.323244,8
121.4593409,31.16591641,3024.308942,8
121.4669033,31.16591641,2591.827553,8
121.4744657,31.16591641,6756.27199,8
121.4820281,31.16591641,10906.1386,8
121.4895904,31.16591641,17498.27412,8
121.4971528,31.16591641,20004.28623,8
121.5047152,31.16591641,12597.99233,8
121.5122776,31.16591641,10546.1646,8
121.5198399,31.16591641,10844.94262,8
121.5274023,31.16591641,9815.544279,8
121.5349647,31.16591641,6035.235793,8
121.5425271,31.16591641,3204.705486,8
121.5500894,31.16591641,3084.854218,8
121.5576518,31.16591641,4988.738214,8
121.5652142,31.16591641,5229.452563,8
121.5727765,31.16591641,3700.736516,8
121.5803389,31.16591641,1934.912604,8
121.5879013,31.16591641,1299.562199,8
121.5954637,31.16591641,1099.070056,8
121.603026,31.16591641,707.4945086,8
121.6105884,31.16591641,347.8963588,8
121.6181508,31.16591641,416.0625931,8
121.6257132,31.16591641,996.83252,8
121.6332755,31.16591641,1290.911826,8
121.6408379,31.16591641,1347.654685,8
121.6484003,31.16591641,894.3149697,8
121.3534677,31.17214466,14277.53137,8
121.3610301,31.17214466,15047.92293,8
121.3685925,31.17214466,15345.95093,8
121.3761548,31.17214466,16698.7894,8
121.3837172,31.17214466,19678.39618,8
121.3912796,31.17214466,22941.15631,8
121.398842,31.17214466,22904.04012,8
121.4064043,31.17214466,15012.18777,8
121.4139667,31.17214466,18827.53489,8
121.4215291,31.17214466,26473.1169,8
121.4290915,31.17214466,35299.16066,8
121.4366538,31.17214466,27624.80765,8
121.4442162,31.17214466,18980.88471,8
121.4517786,31.17214466,9762.147689,8
121.4593409,31.17214466,3141.681294,8
121.4669033,31.17214466,2714.081368,8
121.4744657,31.17214466,8195.349696,8
121.4820281,31.17214466,13490.95714,8
121.4895904,31.17214466,20728.85764,8
121.4971528,31.17214466,24649.28964,8
121.5047152,31.17214466,16248.78741,8
121.5122776,31.17214466,12886.10837,8
121.5198399,31.17214466,10414.34786,8
121.5274023,31.17214466,8540.855346,8
121.5349647,31.17214466,5509.871606,8
121.5425271,31.17214466,3631.193378,8
121.5500894,31.17214466,2291.495913,8
121.5576518,31.17214466,3103.301465,8
121.5652142,31.17214466,2712.618627,8
121.5727765,31.17214466,1359.610271,8
121.5803389,31.17214466,923.7608238,8
121.5879013,31.17214466,1486.420365,8
121.5954637,31.17214466,2262.785972,8
121.603026,31.17214466,1190.343296,8
121.6105884,31.17214466,538.624187,8
121.6181508,31.17214466,682.2052115,8
121.6257132,31.17214466,1590.750392,8
121.6332755,31.17214466,1814.159368,8
121.6408379,31.17214466,1515.262368,8
121.6484003,31.17214466,874.331016,8
121.3534677,31.17837291,20411.88767,8
121.3610301,31.17837291,20115.56681,8
121.3685925,31.17837291,17862.0013,8
121.3761548,31.17837291,13717.63982,8
121.3837172,31.17837291,16623.8658,8
121.3912796,31.17837291,18865.34416,8
121.398842,31.17837291,18476.67073,8
121.4064043,31.17837291,16138.61546,8
121.4139667,31.17837291,21978.28115,8
121.4215291,31.17837291,28336.15295,8
121.4290915,31.17837291,23963.26531,8
121.4366538,31.17837291,26487.65226,8
121.4442162,31.17837291,21157.54035,8
121.4517786,31.17837291,9728.513731,8
121.4593409,31.17837291,3534.941842,8
121.4669033,31.17837291,1555.276572,8
121.4744657,31.17837291,4857.563399,8
121.4820281,31.17837291,13563.86694,8
121.4895904,31.17837291,19106.03394,8
121.4971528,31.17837291,22145.04847,8
121.5047152,31.17837291,20726.21266,8
121.5122776,31.17837291,18098.45259,8
121.5198399,31.17837291,14309.50395,8
121.5274023,31.17837291,6401.526573,8
121.5349647,31.17837291,4682.797155,8
121.5425271,31.17837291,4462.543322,8
121.5500894,31.17837291,4768.274053,8
121.5576518,31.17837291,3659.913032,8
121.5652142,31.17837291,2111.285647,8
121.5727765,31.17837291,846.2767197,8
121.5803389,31.17837291,627.6056482,8
121.5879013,31.17837291,1545.005992,8
121.5954637,31.17837291,2194.283241,8
121.603026,31.17837291,1535.249313,8
121.6105884,31.17837291,1051.604194,8
121.6181508,31.17837291,1720.522137,8
121.6257132,31.17837291,3246.110024,8
121.6332755,31.17837291,2589.77856,8
121.6408379,31.17837291,1783.681092,8
121.6484003,31.17837291,777.1974547,8
121.3534677,31.18460116,14496.30064,8
121.3610301,31.18460116,18515.32266,8
121.3685925,31.18460116,17757.75344,8
121.3761548,31.18460116,14048.76296,8
121.3837172,31.18460116,14221.9066,8
121.3912796,31.18460116,15543.91484,8
121.398842,31.18460116,15793.95723,8
121.4064043,31.18460116,17143.78056,8
121.4139667,31.18460116,25082.80264,8
121.4215291,31.18460116,32359.87404,8
121.4290915,31.18460116,31325.90252,8
121.4366538,31.18460116,30152.49935,8
121.4442162,31.18460116,25788.85414,8
121.4517786,31.18460116,17267.1185,8
121.4593409,31.18460116,6388.896304,8
121.4669033,31.18460116,1736.401135,8
121.4744657,31.18460116,3687.266426,8
121.4820281,31.18460116,8238.862606,8
121.4895904,31.18460116,11752.90147,8
121.4971528,31.18460116,15504.73566,8
121.5047152,31.18460116,20292.73612,8
121.5122776,31.18460116,19532.2558,8
121.5198399,31.18460116,14429.92,8
121.5274023,31.18460116,8117.218009,8
121.5349647,31.18460116,5310.770659,8
121.5425271,31.18460116,6078.310805,8
121.5500894,31.18460116,7965.455811,8
121.5576518,31.18460116,5176.959366,8
121.5652142,31.18460116,2648.584154,8
121.5727765,31.18460116,1408.499673,8
121.5803389,31.18460116,1353.05451,8
121.5879013,31.18460116,2312.36794,8
121.5954637,31.18460116,2851.703772,8
121.603026,31.18460116,1474.225377,8
121.6105884,31.18460116,879.3384238,8
121.6181508,31.18460116,1549.605539,8
121.6257132,31.18460116,3066.624981,8
121.6332755,31.18460116,2910.470298,8
121.6408379,31.18460116,2183.94795,8
121.6484003,31.18460116,1306.719824,8
121.3534677,31.1908294,6665.896848,8
121.3610301,31.1908294,13098.25056,8
121.3685925,31.1908294,14685.57977,8
121.3761548,31.1908294,13424.84807,8
121.3837172,31.1908294,14089.79931,8
121.3912796,31.1908294,15802.4415,8
121.398842,31.1908294,16110.77864,8
121.4064043,31.1908294,18070.58627,8
121.4139667,31.1908294,26740.96644,8
121.4215291,31.1908294,36365.28131,8
121.4290915,31.1908294,40832.7113,8
121.4366538,31.1908294,36690.62332,8
121.4442162,31.1908294,33002.77902,8
121.4517786,31.1908294,29153.57504,8
121.4593409,31.1908294,16088.52755,8
121.4669033,31.1908294,9196.934104,8
121.4744657,31.1908294,7747.426951,8
121.4820281,31.1908294,5601.142538,8
121.4895904,31.1908294,5296.262792,8
121.4971528,31.1908294,8892.393909,8
121.5047152,31.1908294,18949.24913,8
121.5122776,31.1908294,20422.78042,8
121.5198399,31.1908294,15296.99561,8
121.5274023,31.1908294,9420.215182,8
121.5349647,31.1908294,5580.670839,8
121.5425271,31.1908294,6708.014492,8
121.5500894,31.1908294,10271.82596,8
121.5576518,31.1908294,7116.746318,8
121.5652142,31.1908294,4883.931957,8
121.5727765,31.1908294,3937.09967,8
121.5803389,31.1908294,3690.835897,8
121.5879013,31.1908294,3981.914043,8
121.5954637,31.1908294,3934.175114,8
121.603026,31.1908294,1971.408831,8
121.6105884,31.1908294,1225.325536,8
121.6181508,31.1908294,1536.539002,8
121.6257132,31.1908294,2986.573429,8
121.6332755,31.1908294,2948.499942,8
121.6408379,31.1908294,2342.526222,8
121.6484003,31.1908294,1707.423483,8
121.3534677,31.19705765,3932.379928,8
121.3610301,31.19705765,8329.721901,8
121.3685925,31.19705765,10358.58084,8
121.3761548,31.19705765,10393.25843,8
121.3837172,31.19705765,16929.31651,8
121.3912796,31.19705765,20715.02473,8
121.398842,31.19705765,21338.10001,8
121.4064043,31.19705765,20632.61809,8
121.4139667,31.19705765,27814.99299,8
121.4215291,31.19705765,35571.69213,8
121.4290915,31.19705765,43900.71292,8
121.4366538,31.19705765,38463.20337,8
121.4442162,31.19705765,37226.9874,8
121.4517786,31.19705765,42540.28274,8
121.4593409,31.19705765,31649.97401,8
121.4669033,31.19705765,24857.39679,8
121.4744657,31.19705765,20293.1002,8
121.4820281,31.19705765,11329.25432,8
121.4895904,31.19705765,6716.515325,8
121.4971528,31.19705765,6225.51823,8
121.5047152,31.19705765,18906.54825,8
121.5122776,31.19705765,22511.59297,8
121.5198399,31.19705765,19375.98318,8
121.5274023,31.19705765,8130.352545,8
121.5349647,31.19705765,4590.75831,8
121.5425271,31.19705765,6172.527471,8
121.5500894,31.19705765,9548.052858,8
121.5576518,31.19705765,9914.537663,8
121.5652142,31.19705765,8924.726153,8
121.5727765,31.19705765,9028.634555,8
121.5803389,31.19705765,7699.153654,8
121.5879013,31.19705765,6364.050876,8
121.5954637,31.19705765,4639.477316,8
121.603026,31.19705765,3903.298041,8
121.6105884,31.19705765,3200.781846,8
121.6181508,31.19705765,2987.910261,8
121.6257132,31.19705765,3979.164197,8
121.6332755,31.19705765,2977.405892,8
121.6408379,31.19705765,2149.973557,8
121.6484003,31.19705765,1418.661182,8
121.3534677,31.2032859,5557.821843,8
121.3610301,31.2032859,8432.121263,8
121.3685925,31.2032859,10224.60017,8
121.3761548,31.2032859,11800.15648,8
121.3837172,31.2032859,19947.87908,8
121.3912796,31.2032859,27567.03712,8
121.398842,31.2032859,32305.13529,8
121.4064043,31.2032859,32047.60461,8
121.4139667,31.2032859,33814.85438,8
121.4215291,31.2032859,36238.79351,8
121.4290915,31.2032859,35469.39534,8
121.4366538,31.2032859,30302.01269,8
121.4442162,31.2032859,30189.23793,8
121.4517786,31.2032859,36445.53193,8
121.4593409,31.2032859,37929.32328,8
121.4669033,31.2032859,36163.4234,8
121.4744657,31.2032859,33309.58239,8
121.4820281,31.2032859,28223.35843,8
121.4895904,31.2032859,19214.44823,8
121.4971528,31.2032859,12965.28546,8
121.5047152,31.2032859,15976.03337,8
121.5122776,31.2032859,19035.53578,8
121.5198399,31.2032859,16374.03867,8
121.5274023,31.2032859,7426.515465,8
121.5349647,31.2032859,5361.139307,8
121.5425271,31.2032859,8157.934776,8
121.5500894,31.2032859,12962.66309,8
121.5576518,31.2032859,13619.13626,8
121.5652142,31.2032859,12173.11758,8
121.5727765,31.2032859,10846.37356,8
121.5803389,31.2032859,11171.06018,8
121.5879013,31.2032859,8811.242367,8
121.5954637,31.2032859,6032.383487,8
121.603026,31.2032859,6163.068899,8
121.6105884,31.2032859,5896.804707,8
121.6181508,31.2032859,5429.382824,8
121.6257132,31.2032859,4141.290058,8
121.6332755,31.2032859,2918.265706,8
121.6408379,31.2032859,2150.032116,8
121.6484003,31.2032859,1878.417236,8
121.3534677,31.20951415,11092.94899,8
121.3610301,31.20951415,13743.35407,8
121.3685925,31.20951415,15183.43266,8
121.3761548,31.20951415,16702.95265,8
121.3837172,31.20951415,23747.56042,8
121.3912796,31.20951415,31386.35269,8
121.398842,31.20951415,37772.99473,8
121.4064043,31.20951415,38236.18466,8
121.4139667,31.20951415,37587.6889,8
121.4215291,31.20951415,35442.88198,8
121.4290915,31.20951415,29181.31318,8
121.4366538,31.20951415,24814.99697,8
121.4442162,31.20951415,25728.3,8
121.4517786,31.20951415,32133.75505,8
121.4593409,31.20951415,37832.87567,8
121.4669033,31.20951415,40882.17757,8
121.4744657,31.20951415,42647.77076,8
121.4820281,31.20951415,42335.95619,8
121.4895904,31.20951415,31453.28308,8
121.4971528,31.20951415,18911.95957,8
121.5047152,31.20951415,13507.31759,8
121.5122776,31.20951415,14501.35015,8
121.5198399,31.20951415,13854.8348,8
121.5274023,31.20951415,7876.172314,8
121.5349647,31.20951415,6630.690276,8
121.5425271,31.20951415,8402.650016,8
121.5500894,31.20951415,12171.52579,8
121.5576518,31.20951415,11824.96314,8
121.5652142,31.20951415,9869.356254,8
121.5727765,31.20951415,8292.359707,8
121.5803389,31.20951415,9645.195088,8
121.5879013,31.20951415,8072.451053,8
121.5954637,31.20951415,5827.677771,8
121.603026,31.20951415,6104.997062,8
121.6105884,31.20951415,6660.581621,8
121.6181508,31.20951415,6775.31708,8
121.6257132,31.20951415,4868.950277,8
121.6332755,31.20951415,3250.144305,8
121.6408379,31.20951415,2323.510458,8
121.6484003,31.20951415,2140.198852,8
121.3534677,31.21574239,20088.99998,8
121.3610301,31.21574239,19843.66945,8
121.3685925,31.21574239,20260.4713,8
121.3761548,31.21574239,23075.30284,8
121.3837172,31.21574239,24512.59315,8
121.3912796,31.21574239,27408.70621,8
121.398842,31.21574239,32571.09708,8
121.4064043,31.21574239,35211.79013,8
121.4139667,31.21574239,36158.17457,8
121.4215291,31.21574239,33585.30335,8
121.4290915,31.21574239,27293.22036,8
121.4366538,31.21574239,29220.09043,8
121.4442162,31.21574239,31480.62368,8
121.4517786,31.21574239,33976.00004,8
121.4593409,31.21574239,35765.30334,8
121.4669033,31.21574239,41768.86286,8
121.4744657,31.21574239,46991.66498,8
121.4820281,31.21574239,48600.69962,8
121.4895904,31.21574239,36662.33411,8
121.4971528,31.21574239,21869.24968,8
121.5047152,31.21574239,11274.30014,8
121.5122776,31.21574239,12231.91569,8
121.5198399,31.21574239,14982.35696,8
121.5274023,31.21574239,12258.05009,8
121.5349647,31.21574239,9369.905866,8
121.5425271,31.21574239,6798.734091,8
121.5500894,31.21574239,5868.000163,8
121.5576518,31.21574239,5060.99304,8
121.5652142,31.21574239,3634.161284,8
121.5727765,31.21574239,2348.340087,8
121.5803389,31.21574239,3624.403063,8
121.5879013,31.21574239,4181.381474,8
121.5954637,31.21574239,4107.880213,8
121.603026,31.21574239,3142.3515,8
121.6105884,31.21574239,4904.570279,8
121.6181508,31.21574239,6131.023594,8
121.6257132,31.21574239,5919.56963,8
121.6332755,31.21574239,3583.84863,8
121.6408379,31.21574239,2433.775023,8
121.6484003,31.21574239,1928.999999,8
121.3534677,31.22197064,19135.4937,8
121.3610301,31.22197064,17039.12767,8
121.3685925,31.22197064,16612.93535,8
121.3761548,31.22197064,16185.87132,8
121.3837172,31.22197064,14303.50848,8
121.3912796,31.22197064,15603.07411,8
121.398842,31.22197064,19097.41692,8
121.4064043,31.22197064,30133.98962,8
121.4139667,31.22197064,33569.61643,8
121.4215291,31.22197064,33269.27535,8
121.4290915,31.22197064,32206.69989,8
121.4366538,31.22197064,38233.51387,8
121.4442162,31.22197064,40700.97732,8
121.4517786,31.22197064,35740.79687,8
121.4593409,31.22197064,35736.3348,8
121.4669033,31.22197064,45342.4054,8
121.4744657,31.22197064,55979.91156,8
121.4820281,31.22197064,46898.34688,8
121.4895904,31.22197064,35718.71929,8
121.4971528,31.22197064,24269.52027,8
121.5047152,31.22197064,12435.64459,8
121.5122776,31.22197064,12856.69489,8
121.5198399,31.22197064,18133.72082,8
121.5274023,31.22197064,24182.81676,8
121.5349647,31.22197064,16279.37533,8
121.5425271,31.22197064,8999.499898,8
121.5500894,31.22197064,5997.763235,8
121.5576518,31.22197064,4200.919006,8
121.5652142,31.22197064,2594.445741,8
121.5727765,31.22197064,1356.287241,8
121.5803389,31.22197064,992.2765014,8
121.5879013,31.22197064,1430.778441,8
121.5954637,31.22197064,1817.806761,8
121.603026,31.22197064,2297.612235,8
121.6105884,31.22197064,2783.925294,8
121.6181508,31.22197064,3241.558827,8
121.6257132,31.22197064,3580.899782,8
121.6332755,31.22197064,2664.985787,8
121.6408379,31.22197064,2123.08088,8
121.6484003,31.22197064,2156.787219,8
121.3534677,31.22819889,13594.68991,8
121.3610301,31.22819889,11544.77039,8
121.3685925,31.22819889,13117.64751,8
121.3761548,31.22819889,15544.61315,8
121.3837172,31.22819889,13145.46383,8
121.3912796,31.22819889,14757.2808,8
121.398842,31.22819889,18913.44521,8
121.4064043,31.22819889,26383.43284,8
121.4139667,31.22819889,29622.2116,8
121.4215291,31.22819889,30877.50871,8
121.4290915,31.22819889,33401.04148,8
121.4366538,31.22819889,40186.88438,8
121.4442162,31.22819889,42292.69002,8
121.4517786,31.22819889,37672.30507,8
121.4593409,31.22819889,38758.378,8
121.4669033,31.22819889,50834.42702,8
121.4744657,31.22819889,62881.06679,8
121.4820281,31.22819889,50607.69968,8
121.4895904,31.22819889,36094.62652,8
121.4971528,31.22819889,24510.15005,8
121.5047152,31.22819889,17242.15989,8
121.5122776,31.22819889,18268.81849,8
121.5198399,31.22819889,23307.6816,8
121.5274023,31.22819889,28929.89222,8
121.5349647,31.22819889,20623.78582,8
121.5425271,31.22819889,11726.62843,8
121.5500894,31.22819889,6734.185431,8
121.5576518,31.22819889,5200.335652,8
121.5652142,31.22819889,3629.034065,8
121.5727765,31.22819889,1747.565601,8
121.5803389,31.22819889,958.7425755,8
121.5879013,31.22819889,873.7029361,8
121.5954637,31.22819889,1017.243404,8
121.603026,31.22819889,1746.799198,8
121.6105884,31.22819889,1498.687416,8
121.6181508,31.22819889,1250.337506,8
121.6257132,31.22819889,1679.501385,8
121.6332755,31.22819889,1807.91769,8
121.6408379,31.22819889,2021.27531,8
121.6484003,31.22819889,2240.384605,8
121.3534677,31.23442713,6551.057312,8
121.3610301,31.23442713,7499.273527,8
121.3685925,31.23442713,11366.24549,8
121.3761548,31.23442713,19944.19573,8
121.3837172,31.23442713,18045.02931,8
121.3912796,31.23442713,22723.20669,8
121.398842,31.23442713,30637.22368,8
121.4064043,31.23442713,27303.05384,8
121.4139667,31.23442713,30257.78642,8
121.4215291,31.23442713,30413.66035,8
121.4290915,31.23442713,32760.72949,8
121.4366538,31.23442713,36654.07245,8
121.4442162,31.23442713,37690.36819,8
121.4517786,31.23442713,37820.2591,8
121.4593409,31.23442713,41404.63234,8
121.4669033,31.23442713,53413.7161,8
121.4744657,31.23442713,66506.96314,8
121.4820281,31.23442713,54996.31136,8
121.4895904,31.23442713,36246.26486,8
121.4971528,31.23442713,21213.75045,8
121.5047152,31.23442713,22135.65931,8
121.5122776,31.23442713,22901.03638,8
121.5198399,31.23442713,25397.03965,8
121.5274023,31.23442713,25135.07129,8
121.5349647,31.23442713,18631.29702,8
121.5425271,31.23442713,12397.47626,8
121.5500894,31.23442713,6617.76261,8
121.5576518,31.23442713,6504.021607,8
121.5652142,31.23442713,5184.760274,8
121.5727765,31.23442713,2921.389896,8
121.5803389,31.23442713,2748.045151,8
121.5879013,31.23442713,2219.452017,8
121.5954637,31.23442713,1552.110575,8
121.603026,31.23442713,1708.256602,8
121.6105884,31.23442713,1227.575403,8
121.6181508,31.23442713,798.790691,8
121.6257132,31.23442713,771.4341015,8
121.6332755,31.23442713,1617.660088,8
121.6408379,31.23442713,2072.630279,8
121.6484003,31.23442713,2114.579028,8
121.3534677,31.24065538,8966.983772,8
121.3610301,31.24065538,7798.09578,8
121.3685925,31.24065538,8856.269821,8
121.3761548,31.24065538,9236.516422,8
121.3837172,31.24065538,12931.27396,8
121.3912796,31.24065538,23605.19407,8
121.398842,31.24065538,35280.60779,8
121.4064043,31.24065538,39274.63463,8
121.4139667,31.24065538,41059.9566,8
121.4215291,31.24065538,42277.88615,8
121.4290915,31.24065538,35964.43915,8
121.4366538,31.24065538,37121.52994,8
121.4442162,31.24065538,36862.73678,8
121.4517786,31.24065538,32701.51357,8
121.4593409,31.24065538,40135.62414,8
121.4669033,31.24065538,49485.54725,8
121.4744657,31.24065538,53774.19916,8
121.4820281,31.24065538,47708.35746,8
121.4895904,31.24065538,31414.21968,8
121.4971528,31.24065538,16996.79144,8
121.5047152,31.24065538,16688.83818,8
121.5122776,31.24065538,18874.55063,8
121.5198399,31.24065538,18184.08185,8
121.5274023,31.24065538,11962.41289,8
121.5349647,31.24065538,11159.12847,8
121.5425271,31.24065538,9827.10075,8
121.5500894,31.24065538,8705.716817,8
121.5576518,31.24065538,8237.150376,8
121.5652142,31.24065538,7242.367866,8
121.5727765,31.24065538,5865.587791,8
121.5803389,31.24065538,5688.783379,8
121.5879013,31.24065538,4621.310967,8
121.5954637,31.24065538,3106.100877,8
121.603026,31.24065538,1880.5457,8
121.6105884,31.24065538,1601.762361,8
121.6181508,31.24065538,1388.596174,8
121.6257132,31.24065538,1309.458129,8
121.6332755,31.24065538,1594.992705,8
121.6408379,31.24065538,1665.41312,8
121.6484003,31.24065538,861.1568572,8
121.3534677,31.24688363,11619.65493,8
121.3610301,31.24688363,11683.95659,8
121.3685925,31.24688363,12191.34072,8
121.3761548,31.24688363,12315.21258,8
121.3837172,31.24688363,14678.74984,8
121.3912796,31.24688363,24653.51557,8
121.398842,31.24688363,35454.41621,8
121.4064043,31.24688363,38305.44976,8
121.4139667,31.24688363,38238.77454,8
121.4215291,31.24688363,37737.8006,8
121.4290915,31.24688363,35910.69888,8
121.4366538,31.24688363,38392.02468,8
121.4442162,31.24688363,39586.90422,8
121.4517786,31.24688363,38219.78317,8
121.4593409,31.24688363,40799.99131,8
121.4669033,31.24688363,47441.37354,8
121.4744657,31.24688363,51895.02286,8
121.4820281,31.24688363,44995.39281,8
121.4895904,31.24688363,30017.90041,8
121.4971528,31.24688363,16650.6985,8
121.5047152,31.24688363,14644.17557,8
121.5122776,31.24688363,14970.55517,8
121.5198399,31.24688363,12355.04744,8
121.5274023,31.24688363,6217.260157,8
121.5349647,31.24688363,5677.610289,8
121.5425271,31.24688363,6627.849699,8
121.5500894,31.24688363,8408.906177,8
121.5576518,31.24688363,8456.470397,8
121.5652142,31.24688363,8274.065598,8
121.5727765,31.24688363,8432.273632,8
121.5803389,31.24688363,9128.120429,8
121.5879013,31.24688363,7070.836702,8
121.5954637,31.24688363,4088.85857,8
121.603026,31.24688363,2997.727537,8
121.6105884,31.24688363,2363.581268,8
121.6181508,31.24688363,1709.546161,8
121.6257132,31.24688363,1200.818305,8
121.6332755,31.24688363,1132.518445,8
121.6408379,31.24688363,989.159632,8
121.6484003,31.24688363,449.2961116,8
121.3534677,31.25311188,13003.50731,8
121.3610301,31.25311188,15050.91289,8
121.3685925,31.25311188,17468.65962,8
121.3761548,31.25311188,20509.48557,8
121.3837172,31.25311188,19859.88301,8
121.3912796,31.25311188,25737.84705,8
121.398842,31.25311188,31810.41296,8
121.4064043,31.25311188,28867.12932,8
121.4139667,31.25311188,26745.00074,8
121.4215291,31.25311188,25878.88168,8
121.4290915,31.25311188,31753.04819,8
121.4366538,31.25311188,37709.57243,8
121.4442162,31.25311188,41241.90257,8
121.4517786,31.25311188,43567.93602,8
121.4593409,31.25311188,40898.17057,8
121.4669033,31.25311188,45600.10313,8
121.4744657,31.25311188,52523.81101,8
121.4820281,31.25311188,45176.56298,8
121.4895904,31.25311188,32852.10947,8
121.4971528,31.25311188,20836.22773,8
121.5047152,31.25311188,18258.8545,8
121.5122776,31.25311188,16836.71345,8
121.5198399,31.25311188,13387.41515,8
121.5274023,31.25311188,8361.814449,8
121.5349647,31.25311188,5864.855099,8
121.5425271,31.25311188,4627.165862,8
121.5500894,31.25311188,6868.281356,8
121.5576518,31.25311188,6971.239742,8
121.5652142,31.25311188,7815.896139,8
121.5727765,31.25311188,9385.205562,8
121.5803389,31.25311188,11177.95926,8
121.5879013,31.25311188,8428.361931,8
121.5954637,31.25311188,4469.220543,8
121.603026,31.25311188,4311.901322,8
121.6105884,31.25311188,3411.161578,8
121.6181508,31.25311188,2342.865149,8
121.6257132,31.25311188,1366.957183,8
121.6332755,31.25311188,1259.920341,8
121.6408379,31.25311188,1048.903479,8
121.6484003,31.25311188,784.4439087,8
121.3534677,31.25934012,10604.8109,8
121.3610301,31.25934012,13397.48832,8
121.3685925,31.25934012,16744.24428,8
121.3761548,31.25934012,20522.42321,8
121.3837172,31.25934012,21013.88264,8
121.3912796,31.25934012,23991.79953,8
121.398842,31.25934012,24898.36496,8
121.4064043,31.25934012,19353.97847,8
121.4139667,31.25934012,22116.06233,8
121.4215291,31.25934012,25275.46639,8
121.4290915,31.25934012,24552.22828,8
121.4366538,31.25934012,34547.81486,8
121.4442162,31.25934012,37757.74311,8
121.4517786,31.25934012,30908.17959,8
121.4593409,31.25934012,37378.4798,8
121.4669033,31.25934012,40161.04887,8
121.4744657,31.25934012,38346.81962,8
121.4820281,31.25934012,41807.69044,8
121.4895904,31.25934012,35126.14166,8
121.4971528,31.25934012,29057.10882,8
121.5047152,31.25934012,26677.85139,8
121.5122776,31.25934012,23750.37707,8
121.5198399,31.25934012,21329.84309,8
121.5274023,31.25934012,20209.52231,8
121.5349647,31.25934012,11667.68416,8
121.5425271,31.25934012,5970.638351,8
121.5500894,31.25934012,2959.912034,8
121.5576518,31.25934012,5251.153822,8
121.5652142,31.25934012,6600.715989,8
121.5727765,31.25934012,7753.045512,8
121.5803389,31.25934012,9642.92707,8
121.5879013,31.25934012,8252.967474,8
121.5954637,31.25934012,5413.254506,8
121.603026,31.25934012,4821.356627,8
121.6105884,31.25934012,4513.699212,8
121.6181508,31.25934012,4109.303083,8
121.6257132,31.25934012,3272.323898,8
121.6332755,31.25934012,2989.864498,8
121.6408379,31.25934012,2665.434964,8
121.6484003,31.25934012,1806.810052,8
121.3534677,31.26556837,6485.690547,8
121.3610301,31.26556837,9406.843537,8
121.3685925,31.26556837,11902.66744,8
121.3761548,31.26556837,14252.75285,8
121.3837172,31.26556837,20076.65248,8
121.3912796,31.26556837,22009.2333,8
121.398842,31.26556837,20180.27997,8
121.4064043,31.26556837,18079.10444,8
121.4139667,31.26556837,22264.34407,8
121.4215291,31.26556837,26363.08613,8
121.4290915,31.26556837,26485.84134,8
121.4366538,31.26556837,30369.39894,8
121.4442162,31.26556837,32273.00234,8
121.4517786,31.26556837,29845.59823,8
121.4593409,31.26556837,32777.39399,8
121.4669033,31.26556837,34977.36128,8
121.4744657,31.26556837,35637.06222,8
121.4820281,31.26556837,35205.50358,8
121.4895904,31.26556837,30630.48636,8
121.4971528,31.26556837,26891.88931,8
121.5047152,31.26556837,29234.21833,8
121.5122776,31.26556837,26785.07171,8
121.5198399,31.26556837,23231.31878,8
121.5274023,31.26556837,22634.08669,8
121.5349647,31.26556837,18913.58247,8
121.5425271,31.26556837,13392.90163,8
121.5500894,31.26556837,7111.762399,8
121.5576518,31.26556837,5011.860652,8
121.5652142,31.26556837,5556.734182,8
121.5727765,31.26556837,7669.747467,8
121.5803389,31.26556837,9397.910588,8
121.5879013,31.26556837,8713.422388,8
121.5954637,31.26556837,6713.294893,8
121.603026,31.26556837,5105.541103,8
121.6105884,31.26556837,4875.753052,8
121.6181508,31.26556837,4848.993399,8
121.6257132,31.26556837,4575.70808,8
121.6332755,31.26556837,4299.726398,8
121.6408379,31.26556837,4005.416895,8
121.6484003,31.26556837,3100.716736,8
121.3534677,31.27179662,3601.342835,8
121.3610301,31.27179662,6575.398653,8
121.3685925,31.27179662,7870.827721,8
121.3761548,31.27179662,8271.014791,8
121.3837172,31.27179662,17018.21108,8
121.3912796,31.27179662,20124.34229,8
121.398842,31.27179662,19388.00699,8
121.4064043,31.27179662,19798.1031,8
121.4139667,31.27179662,24048.92445,8
121.4215291,31.27179662,27282.53024,8
121.4290915,31.27179662,26251.93353,8
121.4366538,31.27179662,24177.12994,8
121.4442162,31.27179662,26858.37585,8
121.4517786,31.27179662,31205.22073,8
121.4593409,31.27179662,30003.06215,8
121.4669033,31.27179662,30797.82614,8
121.4744657,31.27179662,34097.72661,8
121.4820281,31.27179662,30674.62009,8
121.4895904,31.27179662,26875.39718,8
121.4971528,31.27179662,24703.39362,8
121.5047152,31.27179662,31269.15388,8
121.5122776,31.27179662,29178.65756,8
121.5198399,31.27179662,24006.52789,8
121.5274023,31.27179662,22085.9447,8
121.5349647,31.27179662,21694.32617,8
121.5425271,31.27179662,18435.8952,8
121.5500894,31.27179662,11688.06691,8
121.5576518,31.27179662,6560.471066,8
121.5652142,31.27179662,5509.362571,8
121.5727765,31.27179662,7535.479357,8
121.5803389,31.27179662,9147.956496,8
121.5879013,31.27179662,8593.321706,8
121.5954637,31.27179662,6989.746133,8
121.603026,31.27179662,5089.97163,8
121.6105884,31.27179662,4729.871623,8
121.6181508,31.27179662,4472.124505,8
121.6257132,31.27179662,4287.923937,8
121.6332755,31.27179662,4201.90595,8
121.6408379,31.27179662,4492.831652,8
121.6484003,31.27179662,4164.75825,8
121.3534677,31.27802487,4697.408214,8
121.3610301,31.27802487,6667.396546,8
121.3685925,31.27802487,7357.57378,8
121.3761548,31.27802487,8057.340179,8
121.3837172,31.27802487,11364.59381,8
121.3912796,31.27802487,18301.58881,8
121.398842,31.27802487,23286.28011,8
121.4064043,31.27802487,21622.51621,8
121.4139667,31.27802487,24929.83172,8
121.4215291,31.27802487,26350.60479,8
121.4290915,31.27802487,19017.83674,8
121.4366538,31.27802487,16163.11903,8
121.4442162,31.27802487,20333.45475,8
121.4517786,31.27802487,34567.05014,8
121.4593409,31.27802487,26971.36137,8
121.4669033,31.27802487,26023.46676,8
121.4744657,31.27802487,28628.37974,8
121.4820281,31.27802487,30313.18467,8
121.4895904,31.27802487,28436.35083,8
121.4971528,31.27802487,29591.83629,8
121.5047152,31.27802487,34907.616,8
121.5122776,31.27802487,32909.43643,8
121.5198399,31.27802487,29193.31511,8
121.5274023,31.27802487,21696.59998,8
121.5349647,31.27802487,19654.35635,8
121.5425271,31.27802487,16215.68425,8
121.5500894,31.27802487,13786.09586,8
121.5576518,31.27802487,8724.159354,8
121.5652142,31.27802487,6043.339378,8
121.5727765,31.27802487,5903.703146,8
121.5803389,31.27802487,7666.174131,8
121.5879013,31.27802487,6998.517403,8
121.5954637,31.27802487,5254.17927,8
121.603026,31.27802487,5256.118438,8
121.6105884,31.27802487,4469.924198,8
121.6181508,31.27802487,3337.074676,8
121.6257132,31.27802487,1861.194295,8
121.6332755,31.27802487,2764.334841,8
121.6408379,31.27802487,3799.09634,8
121.6484003,31.27802487,4924.107825,8
121.3534677,31.28425311,9703.294617,8
121.3610301,31.28425311,6856.224766,8
121.3685925,31.28425311,7068.202528,8
121.3761548,31.28425311,10016.04434,8
121.3837172,31.28425311,11692.10126,8
121.3912796,31.28425311,18491.28518,8
121.398842,31.28425311,24872.5611,8
121.4064043,31.28425311,22644.10096,8
121.4139667,31.28425311,23549.43897,8
121.4215291,31.28425311,24012.41238,8
121.4290915,31.28425311,19490.60073,8
121.4366538,31.28425311,15612.52919,8
121.4442162,31.28425311,17904.18748,8
121.4517786,31.28425311,23979.10162,8
121.4593409,31.28425311,19686.10658,8
121.4669033,31.28425311,21604.91635,8
121.4744657,31.28425311,28871.12154,8
121.4820281,31.28425311,30401.85746,8
121.4895904,31.28425311,27208.71984,8
121.4971528,31.28425311,25358.98971,8
121.5047152,31.28425311,28491.42667,8
121.5122776,31.28425311,29412.44601,8
121.5198399,31.28425311,28931.55262,8
121.5274023,31.28425311,29584.01042,8
121.5349647,31.28425311,23533.85438,8
121.5425271,31.28425311,18367.76339,8
121.5500894,31.28425311,14463.79271,8
121.5576518,31.28425311,7566.084313,8
121.5652142,31.28425311,4503.84773,8
121.5727765,31.28425311,5570.960487,8
121.5803389,31.28425311,6691.83351,8
121.5879013,31.28425311,5765.997204,8
121.5954637,31.28425311,4562.967591,8
121.603026,31.28425311,5141.448651,8
121.6105884,31.28425311,4015.788957,8
121.6181508,31.28425311,2183.500212,8
121.6257132,31.28425311,1182.372574,8
121.6332755,31.28425311,1504.573543,8
121.6408379,31.28425311,2217.639653,8
121.6484003,31.28425311,2430.264559,8
121.3534677,31.29048136,10521.64267,8
121.3610301,31.29048136,5966.824911,8
121.3685925,31.29048136,5803.35174,8
121.3761548,31.29048136,9364.454616,8
121.3837172,31.29048136,10345.62703,8
121.3912796,31.29048136,15032.02477,8
121.398842,31.29048136,19846.55737,8
121.4064043,31.29048136,17794.95273,8
121.4139667,31.29048136,17305.71926,8
121.4215291,31.29048136,18173.88555,8
121.4290915,31.29048136,18740.99793,8
121.4366538,31.29048136,17838.50014,8
121.4442162,31.29048136,17346.70041,8
121.4517786,31.29048136,16702.86907,8
121.4593409,31.29048136,15233.75663,8
121.4669033,31.29048136,20963.05597,8
121.4744657,31.29048136,30086.679,8
121.4820281,31.29048136,29485.84367,8
121.4895904,31.29048136,24381.20242,8
121.4971528,31.29048136,20906.55054,8
121.5047152,31.29048136,23930.05501,8
121.5122776,31.29048136,23784.17275,8
121.5198399,31.29048136,23630.04247,8
121.5274023,31.29048136,28770.28958,8
121.5349647,31.29048136,24508.95068,8
121.5425271,31.29048136,19621.54363,8
121.5500894,31.29048136,14336.3724,8
121.5576518,31.29048136,5641.039711,8
121.5652142,31.29048136,2672.377173,8
121.5727765,31.29048136,4856.151886,8
121.5803389,31.29048136,5592.481834,8
121.5879013,31.29048136,4491.817744,8
121.5954637,31.29048136,3725.368124,8
121.603026,31.29048136,5160.096601,8
121.6105884,31.29048136,3870.318135,8
121.6181508,31.29048136,1735.256687,8
121.6257132,31.29048136,993.6175767,8
121.6332755,31.29048136,1024.394115,8
121.6408379,31.29048136,1100.012629,8
121.6484003,31.29048136,664.5422751,8
121.3534677,31.29670961,5895.999984,8
121.3610301,31.29670961,4353.273055,8
121.3685925,31.29670961,3982.943343,8
121.3761548,31.29670961,5248.16654,8
121.3837172,31.29670961,6499.915408,8
121.3912796,31.29670961,8901.68231,8
121.398842,31.29670961,9273.910161,8
121.4064043,31.29670961,10139.88827,8
121.4139667,31.29670961,9404.053459,8
121.4215291,31.29670961,9099.638324,8
121.4290915,31.29670961,15429.99606,8
121.4366538,31.29670961,19359.76108,8
121.4442162,31.29670961,17978.89433,8
121.4517786,31.29670961,11155.00004,8
121.4593409,31.29670961,15499.02492,8
121.4669033,31.29670961,22286.81025,8
121.4744657,31.29670961,30628.85322,8
121.4820281,31.29670961,26903.2421,8
121.4895904,31.29670961,22929.34005,8
121.4971528,31.29670961,19899.2348,8
121.5047152,31.29670961,25631.8562,8
121.5122776,31.29670961,20641.5319,8
121.5198399,31.29670961,16300.80018,8
121.5274023,31.29670961,17604.58785,8
121.5349647,31.29670961,19995.49507,8
121.5425271,31.29670961,17251.20938,8
121.5500894,31.29670961,13103.00012,8
121.5576518,31.29670961,4110.127622,8
121.5652142,31.29670961,1709.686429,8
121.5727765,31.29670961,3994.806784,8
121.5803389,31.29670961,4007.172429,8
121.5879013,31.29670961,3113.073535,8
121.5954637,31.29670961,2562.736024,8
121.603026,31.29670961,5404.299258,8
121.6105884,31.29670961,4070.905514,8
121.6181508,31.29670961,2056.515804,8
121.6257132,31.29670961,1350.640627,8
121.6332755,31.29670961,1375.988646,8
121.6408379,31.29670961,1069.774249,8
121.6484003,31.29670961,148.9999999,8
121.3534677,31.30293785,4418.032128,8
121.3610301,31.30293785,4220.022636,8
121.3685925,31.30293785,3643.623733,8
121.3761548,31.30293785,3050.079811,8
121.3837172,31.30293785,5887.086914,8
121.3912796,31.30293785,8777.114391,8
121.398842,31.30293785,11278.98287,8
121.4064043,31.30293785,12649.9108,8
121.4139667,31.30293785,9043.941098,8
121.4215291,31.30293785,8056.962008,8
121.4290915,31.30293785,12626.89484,8
121.4366538,31.30293785,18545.55883,8
121.4442162,31.30293785,16861.95692,8
121.4517786,31.30293785,8372.016195,8
121.4593409,31.30293785,12023.33644,8
121.4669033,31.30293785,16720.99557,8
121.4744657,31.30293785,21306.76693,8
121.4820281,31.30293785,26383.15399,8
121.4895904,31.30293785,24813.74179,8
121.4971528,31.30293785,21942.65481,8
121.5047152,31.30293785,22779.23976,8
121.5122776,31.30293785,20269.88684,8
121.5198399,31.30293785,18380.95671,8
121.5274023,31.30293785,19181.75569,8
121.5349647,31.30293785,16608.14107,8
121.5425271,31.30293785,12070.57317,8
121.5500894,31.30293785,6967.22127,8
121.5576518,31.30293785,3567.354572,8
121.5652142,31.30293785,2018.995168,8
121.5727765,31.30293785,2306.299399,8
121.5803389,31.30293785,2893.413543,8
121.5879013,31.30293785,2623.792735,8
121.5954637,31.30293785,2872.141089,8
121.603026,31.30293785,4454.136144,8
121.6105884,31.30293785,4087.154519,8
121.6181508,31.30293785,3054.303674,8
121.6257132,31.30293785,2884.613216,8
121.6332755,31.30293785,1965.311142,8
121.6408379,31.30293785,1242.324362,8
121.6484003,31.30293785,815.1481957,8
121.3534677,31.3091661,4595.501098,8
121.3610301,31.3091661,4576.297194,8
121.3685925,31.3091661,5048.319355,8
121.3761548,31.3091661,6150.27008,8
121.3837172,31.3091661,8696.179462,8
121.3912796,31.3091661,11033.65092,8
121.398842,31.3091661,12629.58493,8
121.4064043,31.3091661,12188.1082,8
121.4139667,31.3091661,7944.605318,8
121.4215291,31.3091661,7061.9425,8
121.4290915,31.3091661,13172.26305,8
121.4366538,31.3091661,24141.93593,8
121.4442162,31.3091661,25227.22903,8
121.4517786,31.3091661,14834.89756,8
121.4593409,31.3091661,11037.72647,8
121.4669033,31.3091661,10566.77788,8
121.4744657,31.3091661,14451.7807,8
121.4820281,31.3091661,26049.95841,8
121.4895904,31.3091661,24975.96047,8
121.4971528,31.3091661,18197.20101,8
121.5047152,31.3091661,16522.31655,8
121.5122776,31.3091661,18467.51764,8
121.5198399,31.3091661,21129.98939,8
121.5274023,31.3091661,21186.37027,8
121.5349647,31.3091661,15854.38723,8
121.5425271,31.3091661,9213.092269,8
121.5500894,31.3091661,4150.623977,8
121.5576518,31.3091661,2862.925021,8
121.5652142,31.3091661,1974.577084,8
121.5727765,31.3091661,1391.665091,8
121.5803389,31.3091661,2040.302102,8
121.5879013,31.3091661,2102.706931,8
121.5954637,31.3091661,2295.781273,8
121.603026,31.3091661,3348.425931,8
121.6105884,31.3091661,3908.613434,8
121.6181508,31.3091661,3859.83805,8
121.6257132,31.3091661,3519.748389,8
121.6332755,31.3091661,2385.809633,8
121.6408379,31.3091661,1425.815145,8
121.6484003,31.3091661,711.6201905,8
121.3534677,31.31539435,5405.33104,8
121.3610301,31.31539435,4054.584659,8
121.3685925,31.31539435,5828.926428,8
121.3761548,31.31539435,11215.49581,8
121.3837172,31.31539435,11780.52058,8
121.3912796,31.31539435,12002.92111,8
121.398842,31.31539435,10845.86635,8
121.4064043,31.31539435,7408.232292,8
121.4139667,31.31539435,4194.976295,8
121.4215291,31.31539435,4774.606517,8
121.4290915,31.31539435,13910.28805,8
121.4366538,31.31539435,30262.52397,8
121.4442162,31.31539435,34927.89328,8
121.4517786,31.31539435,25677.70956,8
121.4593409,31.31539435,11810.61333,8
121.4669033,31.31539435,7410.044259,8
121.4744657,31.31539435,9178.325902,8
121.4820281,31.31539435,25229.01648,8
121.4895904,31.31539435,21135.71769,8
121.4971528,31.31539435,9926.548036,8
121.5047152,31.31539435,7523.700248,8
121.5122776,31.31539435,14072.84128,8
121.5198399,31.31539435,21402.24674,8
121.5274023,31.31539435,22338.07905,8
121.5349647,31.31539435,16669.42676,8
121.5425271,31.31539435,9037.50703,8
121.5500894,31.31539435,3573.956003,8
121.5576518,31.31539435,2329.520634,8
121.5652142,31.31539435,1595.170383,8
121.5727765,31.31539435,919.8582828,8
121.5803389,31.31539435,1686.070968,8
121.5879013,31.31539435,1754.829276,8
121.5954637,31.31539435,1453.264092,8
121.603026,31.31539435,2260.699641,8
121.6105884,31.31539435,3476.752222,8
121.6181508,31.31539435,4018.372023,8
121.6257132,31.31539435,3113.603449,8
121.6332755,31.31539435,2303.481175,8
121.6408379,31.31539435,1448.970479,8
121.6484003,31.31539435,122.356011,8
121.3534677,31.3216226,2983.072942,8
121.3610301,31.3216226,2296.99557,8
121.3685925,31.3216226,3572.230297,8
121.3761548,31.3216226,6491.683228,8
121.3837172,31.3216226,10661.76913,8
121.3912796,31.3216226,10376.44669,8
121.398842,31.3216226,7469.275217,8
121.4064043,31.3216226,4234.502855,8
121.4139667,31.3216226,2433.137089,8
121.4215291,31.3216226,4563.11912,8
121.4290915,31.3216226,12985.46937,8
121.4366538,31.3216226,22159.37559,8
121.4442162,31.3216226,24672.64705,8
121.4517786,31.3216226,18145.2208,8
121.4593409,31.3216226,10999.63253,8
121.4669033,31.3216226,8059.088595,8
121.4744657,31.3216226,11760.12971,8
121.4820281,31.3216226,16286.24187,8
121.4895904,31.3216226,13153.52509,8
121.4971528,31.3216226,5632.664649,8
121.5047152,31.3216226,4175.455006,8
121.5122776,31.3216226,8541.174329,8
121.5198399,31.3216226,15884.5682,8
121.5274023,31.3216226,23726.68733,8
121.5349647,31.3216226,17744.60815,8
121.5425271,31.3216226,9469.497279,8
121.5500894,31.3216226,3708.933363,8
121.5576518,31.3216226,1833.52802,8
121.5652142,31.3216226,1284.703396,8
121.5727765,31.3216226,1386.425381,8
121.5803389,31.3216226,2264.607702,8
121.5879013,31.3216226,2482.78351,8
121.5954637,31.3216226,2228.627917,8
121.603026,31.3216226,2543.081999,8
121.6105884,31.3216226,2691.706425,8
121.6181508,31.3216226,2602.191113,8
121.6257132,31.3216226,2422.154579,8
121.6332755,31.3216226,1648.337213,8
121.6408379,31.3216226,1146.354439,8
121.6484003,31.3216226,956.2370378,8
121.3534677,31.32785084,1680.159856,8
121.3610301,31.32785084,1507.585881,8
121.3685925,31.32785084,2058.666235,8
121.3761548,31.32785084,3534.833984,8
121.3837172,31.32785084,6662.861782,8
121.3912796,31.32785084,7358.625192,8
121.398842,31.32785084,5811.810409,8
121.4064043,31.32785084,3626.078858,8
121.4139667,31.32785084,2591.85701,8
121.4215291,31.32785084,4762.989664,8
121.4290915,31.32785084,10766.91519,8
121.4366538,31.32785084,16197.4747,8
121.4442162,31.32785084,18308.09534,8
121.4517786,31.32785084,15861.24233,8
121.4593409,31.32785084,10750.45328,8
121.4669033,31.32785084,8776.140176,8
121.4744657,31.32785084,11059.47376,8
121.4820281,31.32785084,11875.07655,8
121.4895904,31.32785084,8458.517447,8
121.4971528,31.32785084,3316.596118,8
121.5047152,31.32785084,2854.196384,8
121.5122776,31.32785084,5235.81883,8
121.5198399,31.32785084,11527.80955,8
121.5274023,31.32785084,20276.28331,8
121.5349647,31.32785084,16834.28103,8
121.5425271,31.32785084,9631.9767,8
121.5500894,31.32785084,3967.315796,8
121.5576518,31.32785084,1814.257891,8
121.5652142,31.32785084,1472.851048,8
121.5727765,31.32785084,1881.643318,8
121.5803389,31.32785084,3230.853627,8
121.5879013,31.32785084,3730.855641,8
121.5954637,31.32785084,3318.310567,8
121.603026,31.32785084,2447.242068,8
121.6105884,31.32785084,2285.163003,8
121.6181508,31.32785084,2139.520618,8
121.6257132,31.32785084,1507.191782,8
121.6332755,31.32785084,1318.529971,8
121.6408379,31.32785084,1173.401701,8
121.6484003,31.32785084,674.2393776,8
121.3534677,31.33407909,1167.473366,8
121.3610301,31.33407909,2019.781237,8
121.3685925,31.33407909,2378.432287,8
121.3761548,31.33407909,2473.559299,8
121.3837172,31.33407909,3837.387157,8
121.3912796,31.33407909,5335.36467,8
121.398842,31.33407909,5341.596684,8
121.4064043,31.33407909,4033.554295,8
121.4139667,31.33407909,3184.881498,8
121.4215291,31.33407909,4806.18731,8
121.4290915,31.33407909,9050.470299,8
121.4366538,31.33407909,14409.64298,8
121.4442162,31.33407909,17305.49755,8
121.4517786,31.33407909,16666.22469,8
121.4593409,31.33407909,10162.46367,8
121.4669033,31.33407909,7986.348476,8
121.4744657,31.33407909,9888.959146,8
121.4820281,31.33407909,11164.76603,8
121.4895904,31.33407909,8044.686505,8
121.4971528,31.33407909,3230.658302,8
121.5047152,31.33407909,3041.823934,8
121.5122776,31.33407909,3887.808783,8
121.5198399,31.33407909,7764.87294,8
121.5274023,31.33407909,14621.06829,8
121.5349647,31.33407909,12612.03648,8
121.5425271,31.33407909,7799.283054,8
121.5500894,31.33407909,3215.337369,8
121.5576518,31.33407909,1861.97229,8
121.5652142,31.33407909,2517.293373,8
121.5727765,31.33407909,3292.587597,8
121.5803389,31.33407909,4851.201637,8
121.5879013,31.33407909,5022.386584,8
121.5954637,31.33407909,4215.450602,8
121.603026,31.33407909,1989.117153,8
121.6105884,31.33407909,1935.80504,8
121.6181508,31.33407909,2084.912158,8
121.6257132,31.33407909,817.8405479,8
121.6332755,31.33407909,1433.425228,8
121.6408379,31.33407909,1387.991546,8
121.6484003,31.33407909,95.86152207,8
121.3534677,31.34030734,959.9895231,8
121.3610301,31.34030734,3308.010128,8
121.3685925,31.34030734,3850.296721,8
121.3761548,31.34030734,3308.554952,8
121.3837172,31.34030734,5475.932623,8
121.3912796,31.34030734,5912.079735,8
121.398842,31.34030734,4853.447892,8
121.4064043,31.34030734,3608.304204,8
121.4139667,31.34030734,3113.794823,8
121.4215291,31.34030734,4295.721105,8
121.4290915,31.34030734,7581.575115,8
121.4366538,31.34030734,12950.64109,8
121.4442162,31.34030734,15679.07349,8
121.4517786,31.34030734,14038.82053,8
121.4593409,31.34030734,6635.71073,8
121.4669033,31.34030734,5370.75722,8
121.4744657,31.34030734,9731.414664,8
121.4820281,31.34030734,11612.28406,8
121.4895904,31.34030734,9718.094151,8
121.4971528,31.34030734,6151.432371,8
121.5047152,31.34030734,3120.770457,8
121.5122776,31.34030734,3346.627502,8
121.5198399,31.34030734,5270.856879,8
121.5274023,31.34030734,5832.600033,8
121.5349647,31.34030734,5717.33656,8
121.5425271,31.34030734,3304.523183,8
121.5500894,31.34030734,839.4389374,8
121.5576518,31.34030734,1766.89763,8
121.5652142,31.34030734,4257.381808,8
121.5727765,31.34030734,7526.181214,8
121.5803389,31.34030734,6817.056296,8
121.5879013,31.34030734,5568.886895,8
121.5954637,31.34030734,4034.780957,8
121.603026,31.34030734,1756.52436,8
121.6105884,31.34030734,1135.299163,8
121.6181508,31.34030734,1089.68171,8
121.6257132,31.34030734,1267.95479,8
121.6332755,31.34030734,1583.357521,8
121.6408379,31.34030734,1424.40033,8
121.6484003,31.34030734,27.29969113,8
121.3534677,31.34653559,3660.617873,8
121.3610301,31.34653559,5855.674801,8
121.3685925,31.34653559,6413.994031,8
121.3761548,31.34653559,5989.985409,8
121.3837172,31.34653559,6834.366981,8
121.3912796,31.34653559,7075.575066,8
121.398842,31.34653559,6263.713211,8
121.4064043,31.34653559,4353.210174,8
121.4139667,31.34653559,3687.32973,8
121.4215291,31.34653559,4713.86905,8
121.4290915,31.34653559,7041.614146,8
121.4366538,31.34653559,8188.324555,8
121.4442162,31.34653559,8752.508467,8
121.4517786,31.34653559,8105.893772,8
121.4593409,31.34653559,4328.06474,8
121.4669033,31.34653559,3543.138337,8
121.4744657,31.34653559,6479.473965,8
121.4820281,31.34653559,9017.570554,8
121.4895904,31.34653559,9481.984224,8
121.4971528,31.34653559,7579.290803,8
121.5047152,31.34653559,3497.742996,8
121.5122776,31.34653559,2450.61508,8
121.5198399,31.34653559,2748.769335,8
121.5274023,31.34653559,2060.145845,8
121.5349647,31.34653559,2083.599644,8
121.5425271,31.34653559,1487.791353,8
121.5500894,31.34653559,1040.000943,8
121.5576518,31.34653559,2385.592452,8
121.5652142,31.34653559,5020.234241,8
121.5727765,31.34653559,7287.255544,8
121.5803389,31.34653559,5774.212395,8
121.5879013,31.34653559,3991.631774,8
121.5954637,31.34653559,2342.794152,8
121.603026,31.34653559,928.0772497,8
121.6105884,31.34653559,490.9755402,8
121.6181508,31.34653559,516.7275789,8
121.6257132,31.34653559,628.2818007,8
121.6332755,31.34653559,838.8428469,8
121.6408379,31.34653559,747.9833219,8
121.6484003,31.34653559,-60.18053725,8
121.3534677,31.35276383,5601.076056,8
121.3610301,31.35276383,7515.832303,8
121.3685925,31.35276383,7823.843132,8
121.3761548,31.35276383,7255.142489,8
121.3837172,31.35276383,7004.46246,8
121.3912796,31.35276383,7091.172672,8
121.398842,31.35276383,7022.633217,8
121.4064043,31.35276383,5402.493961,8
121.4139667,31.35276383,4474.667874,8
121.4215291,31.35276383,5068.259207,8
121.4290915,31.35276383,7013.354246,8
121.4366538,31.35276383,5002.996188,8
121.4442162,31.35276383,3812.312418,8
121.4517786,31.35276383,4277.613599,8
121.4593409,31.35276383,2865.199515,8
121.4669033,31.35276383,1919.751086,8
121.4744657,31.35276383,2943.763486,8
121.4820281,31.35276383,5379.899532,8
121.4895904,31.35276383,7480.360231,8
121.4971528,31.35276383,7268.353037,8
121.5047152,31.35276383,2812.349395,8
121.5122776,31.35276383,1281.727863,8
121.5198399,31.35276383,1162.464846,8
121.5274023,31.35276383,604.1836353,8
121.5349647,31.35276383,1059.160951,8
121.5425271,31.35276383,1282.962804,8
121.5500894,31.35276383,1479.456557,8
121.5576518,31.35276383,2382.772186,8
121.5652142,31.35276383,3906.119558,8
121.5727765,31.35276383,4998.081574,8
121.5803389,31.35276383,3282.868258,8
121.5879013,31.35276383,1875.223364,8
121.5954637,31.35276383,682.5455754,8
121.603026,31.35276383,191.61193,8
121.6105884,31.35276383,160.6871675,8
121.6181508,31.35276383,205.9402199,8
121.6257132,31.35276383,8.321200562,8
121.6332755,31.35276383,71.265495,8
121.6408379,31.35276383,127.7328251,8
121.6484003,31.35276383,-110.556412,8
121.3534677,31.35899208,4855.351956,8
121.3610301,31.35899208,6608.022459,8
121.3685925,31.35899208,6596.299286,8
121.3761548,31.35899208,5534.853471,8
121.3837172,31.35899208,5535.742798,8
121.3912796,31.35899208,5354.740045,8
121.398842,31.35899208,5193.254476,8
121.4064043,31.35899208,6599.023194,8
121.4139667,31.35899208,4933.557104,8
121.4215291,31.35899208,4695.113704,8
121.4290915,31.35899208,7523.097361,8
121.4366538,31.35899208,6691.454295,8
121.4442162,31.35899208,5374.365388,8
121.4517786,31.35899208,5345.665691,8
121.4593409,31.35899208,2054.046185,8
121.4669033,31.35899208,755.7080438,8
121.4744657,31.35899208,1116.593339,8
121.4820281,31.35899208,3341.014459,8
121.4895904,31.35899208,5965.383496,8
121.4971528,31.35899208,5489.820632,8
121.5047152,31.35899208,1369.620762,8
121.5122776,31.35899208,280.651946,8
121.5198399,31.35899208,471.3788674,8
121.5274023,31.35899208,369.1422949,8
121.5349647,31.35899208,817.5795887,8
121.5425271,31.35899208,1093.206502,8
121.5500894,31.35899208,960.4117001,8
121.5576518,31.35899208,1152.308024,8
121.5652142,31.35899208,1569.985782,8
121.5727765,31.35899208,1390.142373,8
121.5803389,31.35899208,1527.83904,8
121.5879013,31.35899208,850.9844723,8
121.5954637,31.35899208,207.7176904,8
121.603026,31.35899208,198.219353,8
121.6105884,31.35899208,115.3614202,8
121.6181508,31.35899208,80.20080881,8
121.6257132,31.35899208,66.17932364,8
121.6332755,31.35899208,0.290424211,8
121.6408379,31.35899208,108.2495743,8
121.6484003,31.35899208,-44.89615248,8
121.3534677,31.36522033,3633.496197,8
121.3610301,31.36522033,4900.408519,8
121.3685925,31.36522033,4511.757441,8
121.3761548,31.36522033,3167.846445,8
121.3837172,31.36522033,2804.537898,8
121.3912796,31.36522033,3481.152366,8
121.398842,31.36522033,4837.948809,8
121.4064043,31.36522033,6460.024758,8
121.4139667,31.36522033,5365.176559,8
121.4215291,31.36522033,5788.182728,8
121.4290915,31.36522033,9378.033617,8
121.4366538,31.36522033,8349.706869,8
121.4442162,31.36522033,6221.926098,8
121.4517786,31.36522033,4491.618162,8
121.4593409,31.36522033,2799.871402,8
121.4669033,31.36522033,1877.950338,8
121.4744657,31.36522033,2919.861793,8
121.4820281,31.36522033,6322.511321,8
121.4895904,31.36522033,8128.053721,8
121.4971528,31.36522033,6584.993326,8
121.5047152,31.36522033,1647.689206,8
121.5122776,31.36522033,86.13327065,8
121.5198399,31.36522033,252.0769267,8
121.5274023,31.36522033,372.7779373,8
121.5349647,31.36522033,1147.082426,8
121.5425271,31.36522033,1440.355286,8
121.5500894,31.36522033,957.9099898,8
121.5576518,31.36522033,710.4155352,8
121.5652142,31.36522033,556.8060251,8
121.5727765,31.36522033,372.4484195,8
121.5803389,31.36522033,615.3341726,8
121.5879013,31.36522033,425.0411908,8
121.5954637,31.36522033,120.7204925,8
121.603026,31.36522033,87.47546685,8
121.6105884,31.36522033,78.04950851,8
121.6181508,31.36522033,48.41870106,8
121.6257132,31.36522033,41.00988814,8
121.6332755,31.36522033,42.30964946,8
121.6408379,31.36522033,176.3930311,8
121.6484003,31.36522033,-142.4149573,8
121.3534677,31.37144857,2426.2111,8
121.3610301,31.37144857,3321.150735,8
121.3685925,31.37144857,2761.07556,8
121.3761548,31.37144857,1486.434326,8
121.3837172,31.37144857,1275.68933,8
121.3912796,31.37144857,2359.222074,8
121.398842,31.37144857,4032.712172,8
121.4064043,31.37144857,5372.424507,8
121.4139667,31.37144857,4615.268213,8
121.4215291,31.37144857,5497.222501,8
121.4290915,31.37144857,9442.606159,8
121.4366538,31.37144857,8315.647939,8
121.4442162,31.37144857,6008.15971,8
121.4517786,31.37144857,4108.539035,8
121.4593409,31.37144857,3567.756167,8
121.4669033,31.37144857,2986.824016,8
121.4744657,31.37144857,3958.42007,8
121.4820281,31.37144857,8367.147262,8
121.4895904,31.37144857,10005.80599,8
121.4971528,31.37144857,7988.366409,8
121.5047152,31.37144857,2664.097591,8
121.5122776,31.37144857,769.867005,8
121.5198399,31.37144857,607.6222534,8
121.5274023,31.37144857,574.6465104,8
121.5349647,31.37144857,1186.513444,8
121.5425271,31.37144857,1341.870815,8
121.5500894,31.37144857,801.7971837,8
121.5576518,31.37144857,555.2654043,8
121.5652142,31.37144857,333.5993496,8
121.5727765,31.37144857,135.1207049,8
121.5803389,31.37144857,294.3418403,8
121.5879013,31.37144857,255.2401138,8
121.5954637,31.37144857,122.657064,8
121.603026,31.37144857,77.37046769,8
121.6105884,31.37144857,88.31551922,8
121.6181508,31.37144857,89.86173174,8
121.6257132,31.37144857,94.57809061,8
121.6332755,31.37144857,122.7919341,8
121.6408379,31.37144857,282.4736673,8
121.6484003,31.37144857,-86.61477871,8
121.3534677,31.37767682,1426,8
121.3610301,31.37767682,1705.610753,8
121.3685925,31.37767682,1320.568635,8
121.3761548,31.37767682,727.354899,8
121.3837172,31.37767682,1167.75069,8
121.3912796,31.37767682,1685.045984,8
121.398842,31.37767682,2462.495182,8
121.4064043,31.37767682,3099.553005,8
121.4139667,31.37767682,2657.201004,8
121.4215291,31.37767682,3388.700985,8
121.4290915,31.37767682,6709.317597,8
121.4366538,31.37767682,6483.249407,8
121.4442162,31.37767682,5077.103407,8
121.4517786,31.37767682,3996.999962,8
121.4593409,31.37767682,3671.391405,8
121.4669033,31.37767682,2916.93066,8
121.4744657,31.37767682,2522.521312,8
121.4820281,31.37767682,7252.784053,8
121.4895904,31.37767682,9071.961319,8
121.4971528,31.37767682,7879.270613,8
121.5047152,31.37767682,3651.943663,8
121.5122776,31.37767682,1642.609532,8
121.5198399,31.37767682,1103.972008,8
121.5274023,31.37767682,809.6387509,8
121.5349647,31.37767682,550.9980852,8
121.5425271,31.37767682,385.2325801,8
121.5500894,31.37767682,207.0000059,8
121.5576518,31.37767682,99.97047207,8
121.5652142,31.37767682,-19.84613077,8
121.5727765,31.37767682,-4.950641204,8
121.5803389,31.37767682,-93.05274042,8
121.5879013,31.37767682,-145.913754,8
121.5954637,31.37767682,-99.64263278,8
121.603026,31.37767682,-103.1109916,8
121.6105884,31.37767682,-212.5213923,8
121.6181508,31.37767682,-166.4390833,8
121.6257132,31.37767682,-68.62021733,8
121.6332755,31.37767682,-252.8187366,8
121.6408379,31.37767682,-171.7723127,8
121.6484003,31.37767682,-4.10E-07,8
